transaction_id,date,store_id,product_id,quantity,unit_price,payment_method,channel,customer_type,flag_negative_quantity
TXN-5092,2025-09-12,STR-02,PRD-2016,4.0,,Card,Online,Member,False
TXN-5292,2025-09-11,STR-01,PRD-2001,2.0,158.03,Card,Online,Walk-In,False
TXN-5329,2025-08-22,STR-02,PRD-2015,4.0,183.75,Cash,Online,Member,False
TXN-5240,2025-10-06,STR-03,PRD-2014,10.0,15.28,Maya,In-Store,Walk-In,False
TXN-5171,2025-07-25,STR-02,PRD-2010,10.0,237.2,GCash,Online,Walk-In,False
TXN-5310,2025-08-30,STR-04,PRD-2017,6.0,242.24,Maya,Online,,False
TXN-5210,2025-08-08,STR-06,PRD-2005,2.0,,Card,In-Store,Member,False
TXN-5184,2025-09-25,STR-01,PRD-2005,1.0,239.47,GCash,Online,Walk-In,False
TXN-5194,2025-07-28,STR-02,PRD-2004,9.0,23.57,Cash,Online,Walk-In,False
TXN-5229,2025-09-01,STR-05,PRD-2013,2.0,135.35,Card,Online,Member,False
TXN-5254,2025-06-11,STR-07,PRD-2013,4.0,157.37,GCash,In-Store,,False
TXN-5103,2025-07-08,STR-07,PRD-2003,3.0,288.02,Card,In-Store,Walk-In,False
TXN-5215,2025-10-16,STR-05,PRD-2020,9.0,222.23,Cash,Online,Member,False
TXN-5384,2025-09-08,STR-05,PRD-2014,1.0,288.98,Card,In-Store,Walk-In,False
TXN-5208,2025-08-29,STR-01,PRD-2017,8.0,232.41,Card,Online,Member,False
TXN-5145,2025-06-26,STR-07,PRD-2008,8.0,58.51,Cash,Online,,False
TXN-5085,2025-08-19,STR-01,PRD-2016,2.0,241.82,Maya,Online,,False
TXN-5308,2025-07-21,STR-01,PRD-2020,1.0,174.18,Maya,Online,,False
TXN-5182,2025-08-24,STR-01,PRD-2006,9.0,140.11,GCash,In-Store,Member,False
TXN-5348,2025-08-26,STR-01,PRD-2007,3.0,112.49,Cash,Online,Walk-In,False
TXN-5158,2025-10-24,STR-07,PRD-2004,7.0,276.81,Cash,In-Store,Walk-In,False
TXN-5075,2025-09-28,STR-04,PRD-2009,8.0,156.51,Cash,In-Store,Member,False
TXN-5077,2025-06-17,STR-04,PRD-2018,3.0,266.79,Cash,In-Store,,False
TXN-5353,2025-07-13,STR-07,PRD-2017,10.0,284.59,Cash,In-Store,Walk-In,False
TXN-5082,2025-06-11,STR-02,PRD-2004,-3.0,181.21,Cash,In-Store,,True
TXN-5144,2025-10-14,STR-06,PRD-2019,,,Cash,In-Store,Walk-In,False
TXN-5306,2025-10-18,STR-03,PRD-2014,5.0,105.71,Cash,Online,Member,False
TXN-5395,2025-07-03,STR-04,PRD-2015,8.0,177.5,Maya,In-Store,Member,False
TXN-5038,2025-07-29,STR-01,PRD-2005,2.0,143.65,Cash,In-Store,,False
TXN-5278,2025-06-19,STR-07,PRD-2011,9.0,84.88,Card,Online,Walk-In,False
TXN-5190,2025-10-11,STR-03,PRD-2010,8.0,131.71,Cash,Online,Walk-In,False
TXN-5217,2025-10-07,STR-05,PRD-2019,4.0,153.71,Cash,In-Store,,False
TXN-5249,2025-06-29,STR-04,PRD-2015,5.0,35.47,Cash,Online,Member,False
TXN-5195,2025-06-05,STR-06,PRD-2019,4.0,44.32,Cash,Online,Walk-In,False
TXN-5284,2025-07-22,STR-03,PRD-2017,4.0,31.19,GCash,In-Store,Walk-In,False
TXN-5257,2025-08-12,STR-01,PRD-2017,6.0,17.51,GCash,Online,Member,False
TXN-5297,2025-08-08,STR-02,PRD-2010,6.0,,GCash,Online,Walk-In,False
TXN-5051,2025-10-19,STR-01,PRD-2002,7.0,229.51,Maya,In-Store,Member,False
TXN-5014,2025-07-06,STR-07,PRD-2007,4.0,,GCash,In-Store,,False
TXN-5281,2025-08-17,STR-03,PRD-2019,6.0,69.22,Cash,Online,Walk-In,False
TXN-5006,2025-10-02,STR-02,PRD-2004,5.0,212.24,Card,In-Store,Member,False
TXN-5298,2025-09-24,STR-01,PRD-2007,6.0,,Cash,Online,Member,False
TXN-5087,2025-08-31,STR-01,PRD-2012,7.0,73.05,Cash,Online,Member,False
TXN-5268,2025-08-27,STR-06,PRD-2001,2.0,161.26,Card,In-Store,Member,False
TXN-5230,2025-07-19,STR-03,PRD-2008,5.0,112.31,GCash,Online,Member,False
TXN-5269,2025-06-12,STR-03,PRD-2004,6.0,47.2,Maya,Online,Walk-In,False
TXN-5191,2025-08-03,STR-07,PRD-2012,,178.85,Cash,In-Store,,False
TXN-5219,2025-09-16,STR-05,PRD-2010,4.0,68.61,GCash,In-Store,,False
TXN-5153,2025-08-24,STR-06,PRD-2010,2.0,26.41,Maya,Online,,False
TXN-5244,2025-10-22,STR-05,PRD-2006,4.0,86.16,Cash,Online,Walk-In,False
TXN-5203,2025-06-16,STR-05,PRD-2009,10.0,57.3,Cash,Online,Walk-In,False
TXN-5048,2025-07-21,STR-06,PRD-2010,2.0,299.66,Card,In-Store,Walk-In,False
TXN-5021,2025-08-17,STR-07,PRD-2005,6.0,266.61,Cash,Online,Walk-In,False
TXN-5371,2025-09-13,STR-07,PRD-2011,,167.67,Maya,Online,Walk-In,False
TXN-5140,2025-09-27,STR-02,PRD-2003,4.0,175.19,GCash,Online,Walk-In,False
TXN-5320,2025-07-23,STR-01,PRD-2003,7.0,133.19,Maya,In-Store,Walk-In,False
TXN-5239,2025-07-21,STR-02,PRD-2013,9.0,196.92,GCash,Online,,False
TXN-5042,2025-08-05,STR-06,PRD-2010,3.0,,Cash,Online,Walk-In,False
TXN-5321,2025-10-23,STR-04,PRD-2014,8.0,33.55,Cash,Online,Member,False
TXN-5356,2025-09-18,STR-01,PRD-2010,1.0,265.29,Cash,Online,Member,False
TXN-5399,2025-10-21,STR-04,PRD-2009,,151.47,Cash,In-Store,Member,False
TXN-5032,2025-09-19,STR-01,PRD-2013,5.0,212.42,Cash,Online,Member,False
TXN-5367,2025-09-01,STR-03,PRD-2011,10.0,28.77,Card,In-Store,Member,False
TXN-5163,2025-08-19,STR-05,PRD-2006,8.0,105.14,Card,Online,Member,False
TXN-5005,2025-07-24,STR-02,PRD-2009,10.0,50.01,Cash,Online,Member,False
TXN-5366,2025-08-14,STR-01,PRD-2014,7.0,244.4,Maya,Online,Member,False
TXN-5304,2025-08-29,STR-07,PRD-2008,5.0,19.33,Card,In-Store,Walk-In,False
TXN-5338,2025-07-06,STR-07,PRD-2008,5.0,,Card,In-Store,Walk-In,False
TXN-5309,2025-08-20,STR-05,PRD-2001,8.0,183.8,Cash,Online,Member,False
TXN-5365,2025-06-02,STR-03,PRD-2005,10.0,299.35,GCash,In-Store,Member,False
TXN-5263,2025-08-04,STR-02,PRD-2017,8.0,145.57,Card,In-Store,,False
TXN-5256,2025-07-19,STR-03,PRD-2001,,252.56,Card,Online,Member,False
TXN-5089,2025-07-07,STR-04,PRD-2003,6.0,63.93,Card,In-Store,Member,False
TXN-5238,2025-06-26,STR-01,PRD-2009,4.0,26.53,Cash,Online,Member,False
TXN-5122,2025-10-11,STR-03,PRD-2016,9.0,218.6,Cash,In-Store,Member,False
TXN-5120,2025-10-01,STR-01,PRD-2007,6.0,20.96,Card,In-Store,Walk-In,False
TXN-5135,2025-09-17,STR-01,PRD-2020,9.0,280.11,GCash,In-Store,Walk-In,False
TXN-5349,2025-08-21,STR-04,PRD-2014,,57.2,Card,Online,Member,False
TXN-5027,2025-07-27,STR-07,PRD-2004,6.0,134.06,Card,Online,Walk-In,False
TXN-5361,2025-09-25,STR-06,PRD-2009,2.0,224.35,Card,Online,Member,False
TXN-5250,2025-06-22,STR-03,PRD-2019,8.0,154.18,Card,In-Store,Walk-In,False
TXN-5081,2025-10-13,STR-07,PRD-2004,1.0,150.31,GCash,Online,Walk-In,False
TXN-5258,2025-08-15,STR-07,PRD-2019,10.0,39.24,Card,Online,Member,False
TXN-5111,2025-07-15,STR-01,PRD-2010,8.0,16.81,Cash,Online,Walk-In,False
TXN-5178,2025-10-02,STR-02,PRD-2011,4.0,100.16,Card,Online,Walk-In,False
TXN-5354,2025-07-30,STR-05,PRD-2015,8.0,280.98,Maya,In-Store,Member,False
TXN-5060,2025-10-20,STR-01,PRD-2005,1.0,101.58,GCash,In-Store,,False
TXN-5174,2025-09-23,STR-07,PRD-2020,5.0,111.57,GCash,Online,Walk-In,False
TXN-5264,2025-10-29,STR-07,PRD-2014,8.0,158.39,Card,In-Store,,False
TXN-5312,2025-10-14,STR-02,PRD-2017,6.0,64.12,Maya,Online,Member,False
TXN-5147,2025-07-01,STR-02,PRD-2005,9.0,,Cash,Online,Member,False
TXN-5106,2025-06-28,STR-05,PRD-2008,5.0,73.19,Card,Online,Member,False
TXN-5199,2025-10-22,STR-05,PRD-2005,6.0,135.31,Maya,In-Store,Walk-In,False
TXN-5351,2025-10-06,STR-03,PRD-2003,2.0,193.17,Card,Online,Walk-In,False
TXN-5022,2025-09-10,STR-02,PRD-2008,7.0,130.09,Cash,Online,Walk-In,False
TXN-5067,2025-07-08,STR-01,PRD-2007,,133.38,Maya,In-Store,Member,False
TXN-5115,2025-10-16,STR-07,PRD-2017,1.0,221.52,Card,In-Store,Member,False
TXN-5101,2025-08-23,STR-02,PRD-2009,9.0,,Card,Online,,False
TXN-5016,2025-07-04,STR-05,PRD-2017,,67.19,Cash,Online,Member,False
TXN-5056,2025-08-09,STR-01,PRD-2016,6.0,158.47,Maya,Online,Walk-In,False
TXN-5378,2025-06-09,STR-07,PRD-2013,3.0,264.52,Cash,In-Store,Walk-In,False
TXN-5224,2025-08-22,STR-02,PRD-2012,1.0,43.34,Card,In-Store,Walk-In,False
TXN-5202,2025-06-26,STR-05,PRD-2001,1.0,102.04,Maya,Online,Walk-In,False
TXN-5079,2025-07-02,STR-03,PRD-2010,5.0,225.35,GCash,Online,Member,False
TXN-5142,2025-09-18,STR-04,PRD-2001,5.0,201.5,Card,Online,Member,False
TXN-5211,2025-09-10,STR-05,PRD-2005,5.0,188.09,Cash,Online,Member,False
TXN-5392,2025-07-12,STR-07,PRD-2014,1.0,222.45,Card,Online,Walk-In,False
TXN-5324,2025-07-22,STR-04,PRD-2002,7.0,54.96,Cash,In-Store,Member,False
TXN-5136,2025-09-08,STR-01,PRD-2002,4.0,237.81,GCash,In-Store,Walk-In,False
TXN-5245,2025-08-28,STR-02,PRD-2010,8.0,82.79,GCash,In-Store,,False
TXN-5010,2025-08-29,STR-03,PRD-2003,4.0,111.26,Cash,In-Store,Member,False
TXN-5129,2025-07-20,STR-07,PRD-2020,3.0,221.1,Card,In-Store,Member,False
TXN-5205,2025-07-22,STR-03,PRD-2015,5.0,148.66,Card,In-Store,Member,False
TXN-5044,2025-06-22,STR-01,PRD-2010,9.0,143.09,Card,Online,Member,False
TXN-5242,2025-09-09,STR-05,PRD-2008,2.0,285.64,Cash,In-Store,,False
TXN-5247,2025-07-01,STR-07,PRD-2006,3.0,146.44,Cash,Online,Walk-In,False
TXN-5369,2025-09-01,STR-02,PRD-2009,8.0,106.46,Cash,Online,Walk-In,False
TXN-5192,2025-09-23,STR-01,PRD-2004,4.0,261.66,Card,Online,,False
TXN-5391,2025-10-23,STR-04,PRD-2007,1.0,70.03,Card,Online,Member,False
TXN-5009,2025-07-29,STR-04,PRD-2012,1.0,149.59,GCash,In-Store,Member,False
TXN-5345,2025-10-07,STR-01,PRD-2001,1.0,240.45,Card,Online,Member,False
TXN-5228,2025-10-03,STR-07,PRD-2008,3.0,68.17,Card,Online,,False
TXN-5334,2025-07-10,STR-03,PRD-2011,4.0,242.82,GCash,Online,Walk-In,False
TXN-5328,2025-07-22,STR-06,PRD-2018,6.0,,Cash,Online,,False
TXN-5055,2025-08-01,STR-07,PRD-2019,1.0,132.64,Cash,Online,Member,False
TXN-5137,2025-10-26,STR-02,PRD-2016,6.0,131.95,Cash,Online,Member,False
TXN-5117,2025-07-12,STR-02,PRD-2001,,198.41,Cash,In-Store,Walk-In,False
TXN-5226,2025-08-01,STR-01,PRD-2006,3.0,271.18,Cash,In-Store,Member,False
TXN-5387,2025-07-22,STR-06,PRD-2010,1.0,220.92,Maya,In-Store,Walk-In,False
TXN-5340,2025-06-29,STR-03,PRD-2003,8.0,172.2,GCash,Online,Member,False
TXN-5104,2025-10-28,STR-03,PRD-2001,4.0,190.57,Cash,Online,,False
TXN-5024,2025-06-17,STR-07,PRD-2008,2.0,92.5,GCash,In-Store,Member,False
TXN-5285,2025-06-19,STR-05,PRD-2011,1.0,168.03,Cash,In-Store,Walk-In,False
TXN-5222,2025-10-10,STR-05,PRD-2007,2.0,162.75,Card,In-Store,Walk-In,False
TXN-5162,2025-10-21,STR-04,PRD-2009,1.0,18.25,Cash,In-Store,Member,False
TXN-5030,2025-09-30,STR-04,PRD-2004,7.0,170.58,Cash,In-Store,Member,False
TXN-5125,2025-10-06,STR-06,PRD-2003,9.0,193.96,Card,In-Store,Member,False
TXN-5113,2025-08-08,STR-06,PRD-2014,9.0,99.25,GCash,In-Store,,False
TXN-5376,2025-10-12,STR-03,PRD-2005,2.0,34.03,Cash,Online,,False
TXN-5157,2025-10-22,STR-07,PRD-2010,1.0,137.74,Maya,In-Store,Member,False
TXN-5262,2025-08-01,STR-04,PRD-2009,3.0,72.8,Maya,In-Store,Member,False
TXN-5275,2025-08-20,STR-05,PRD-2016,1.0,264.74,Card,In-Store,Member,False
TXN-5319,2025-08-05,STR-04,PRD-2019,10.0,291.84,Maya,In-Store,Walk-In,False
TXN-5097,2025-07-04,STR-06,PRD-2011,9.0,229.34,Cash,Online,Walk-In,False
TXN-5233,2025-09-21,STR-03,PRD-2018,10.0,50.77,Cash,In-Store,,False
TXN-5393,2025-06-03,STR-07,PRD-2003,1.0,178.26,Cash,In-Store,Walk-In,False
TXN-5002,2025-08-12,STR-04,PRD-2018,10.0,50.77,Card,In-Store,Member,False
TXN-5193,2025-06-16,STR-01,PRD-2016,1.0,168.14,Cash,Online,Walk-In,False
TXN-5121,2025-09-03,STR-07,PRD-2020,5.0,23.83,Cash,In-Store,Member,False
TXN-5062,2025-06-01,STR-03,PRD-2015,6.0,266.88,Cash,Online,,False
TXN-5165,2025-10-24,STR-03,PRD-2002,10.0,187.66,Cash,Online,,False
TXN-5186,2025-09-15,STR-01,PRD-2010,1.0,159.72,Card,Online,Member,False
TXN-5381,2025-10-21,STR-01,PRD-2002,8.0,78.97,Maya,In-Store,Walk-In,False
TXN-5050,2025-09-20,STR-02,PRD-2012,7.0,246.41,Maya,Online,,False
TXN-5180,2025-07-20,STR-02,PRD-2008,-3.0,268.28,GCash,Online,Walk-In,True
TXN-5216,2025-08-31,STR-06,PRD-2012,1.0,164.7,Cash,Online,Walk-In,False
TXN-5098,2025-06-17,STR-06,PRD-2004,8.0,246.13,GCash,Online,Walk-In,False
TXN-5074,2025-08-16,STR-07,PRD-2020,2.0,,GCash,In-Store,Member,False
TXN-5164,2025-07-13,STR-07,PRD-2004,3.0,134.12,Cash,Online,Walk-In,False
TXN-5064,2025-07-29,STR-03,PRD-2008,6.0,118.26,Cash,Online,Walk-In,False
TXN-5246,2025-09-22,STR-06,PRD-2012,3.0,55.44,Card,Online,Walk-In,False
TXN-5277,2025-10-22,STR-01,PRD-2007,10.0,118.43,Card,Online,Member,False
TXN-5043,2025-06-26,STR-06,PRD-2016,9.0,147.78,Cash,Online,Walk-In,False
TXN-5207,2025-10-21,STR-03,PRD-2010,4.0,235.06,GCash,In-Store,,False
TXN-5168,2025-10-19,STR-04,PRD-2012,9.0,242.26,GCash,Online,Walk-In,False
TXN-5065,2025-08-14,STR-05,PRD-2003,4.0,248.7,GCash,Online,Member,False
TXN-5095,2025-10-07,STR-01,PRD-2001,8.0,142.34,Card,Online,Member,False
TXN-5261,2025-07-27,STR-04,PRD-2003,10.0,180.52,Cash,In-Store,,False
TXN-5291,2025-08-11,STR-05,PRD-2009,1.0,43.44,Card,Online,Member,False
TXN-5139,2025-09-16,STR-06,PRD-2012,2.0,226.32,Card,Online,Member,False
TXN-5094,2025-09-08,STR-05,PRD-2010,5.0,136.34,Maya,In-Store,Member,False
TXN-5274,2025-07-04,STR-01,PRD-2007,6.0,109.44,Cash,Online,Walk-In,False
TXN-5034,2025-07-26,STR-01,PRD-2011,8.0,201.97,GCash,In-Store,Walk-In,False
TXN-5330,2025-07-23,STR-01,PRD-2006,2.0,,Cash,Online,Member,False
TXN-5252,2025-09-10,STR-03,PRD-2012,9.0,279.11,GCash,In-Store,Walk-In,False
TXN-5364,2025-09-05,STR-07,PRD-2017,10.0,25.01,Card,Online,Member,False
TXN-5017,2025-07-07,STR-06,PRD-2004,6.0,166.26,Cash,In-Store,,False
TXN-5380,2025-10-11,STR-07,PRD-2011,8.0,54.55,Card,In-Store,Member,False
TXN-5150,2025-06-25,STR-04,PRD-2005,,193.2,Card,In-Store,Walk-In,False
TXN-5271,2025-08-06,STR-05,PRD-2010,7.0,182.67,Card,In-Store,Member,False
TXN-5200,2025-06-28,STR-01,PRD-2011,9.0,79.26,Cash,Online,Member,False
TXN-5318,2025-09-04,STR-06,PRD-2015,1.0,99.15,Cash,Online,,False
TXN-5232,2025-07-26,STR-04,PRD-2019,8.0,79.77,Cash,Online,Walk-In,False
TXN-5359,2025-07-18,STR-03,PRD-2005,4.0,247.52,Cash,In-Store,Member,False
TXN-5283,2025-08-10,STR-05,PRD-2001,5.0,20.72,Cash,Online,Member,False
TXN-5223,2025-06-26,STR-05,PRD-2016,10.0,243.08,Maya,In-Store,,False
TXN-5124,2025-07-18,STR-05,PRD-2012,9.0,284.0,Card,Online,Member,False
TXN-5248,2025-08-14,STR-04,PRD-2007,,101.61,Cash,In-Store,Member,False
TXN-5341,2025-06-10,STR-05,PRD-2019,3.0,253.6,Cash,In-Store,Member,False
TXN-5265,2025-06-27,STR-06,PRD-2013,4.0,235.87,GCash,In-Store,,False
TXN-5068,2025-09-09,STR-06,PRD-2011,2.0,108.83,GCash,Online,Walk-In,False
TXN-5237,2025-07-16,STR-06,PRD-2012,1.0,214.29,GCash,Online,Walk-In,False
TXN-5080,2025-07-18,STR-02,PRD-2010,10.0,33.47,Card,Online,,False
TXN-5383,2025-07-15,STR-05,PRD-2009,2.0,93.01,Cash,In-Store,Member,False
TXN-5170,2025-08-30,STR-02,PRD-2013,5.0,163.73,Cash,Online,Member,False
TXN-5352,2025-08-29,STR-07,PRD-2016,8.0,251.1,Card,In-Store,Member,False
TXN-5303,2025-07-16,STR-05,PRD-2005,9.0,47.02,Card,Online,Walk-In,False
TXN-5355,2025-09-10,STR-06,PRD-2011,7.0,80.08,Maya,In-Store,,False
TXN-5251,2025-08-31,STR-06,PRD-2010,5.0,37.27,Maya,In-Store,Walk-In,False
TXN-5323,2025-09-26,STR-02,PRD-2003,1.0,40.15,GCash,Online,Walk-In,False
TXN-5003,2025-10-22,STR-04,PRD-2013,7.0,34.19,GCash,Online,Member,False
TXN-5160,2025-06-04,STR-01,PRD-2004,2.0,49.58,Cash,In-Store,Walk-In,False
TXN-5072,2025-08-03,STR-07,PRD-2013,,,Cash,In-Store,Walk-In,False
TXN-5288,2025-10-23,STR-03,PRD-2002,6.0,20.3,GCash,Online,,False
TXN-5360,2025-08-21,STR-05,PRD-2020,3.0,17.58,GCash,In-Store,Member,False
TXN-5090,2025-10-12,STR-01,PRD-2004,4.0,253.63,Cash,Online,Walk-In,False
TXN-5206,2025-08-25,STR-05,PRD-2018,10.0,278.39,GCash,Online,Walk-In,False
TXN-5300,2025-08-30,STR-02,PRD-2015,2.0,198.02,Maya,Online,Walk-In,False
TXN-5396,2025-07-14,STR-06,PRD-2008,8.0,149.44,GCash,In-Store,Member,False
TXN-5058,2025-09-17,STR-07,PRD-2016,8.0,,Cash,Online,Member,False
TXN-5259,2025-10-15,STR-07,PRD-2005,10.0,246.18,Cash,In-Store,,False
TXN-5213,2025-09-22,STR-05,PRD-2010,7.0,180.75,Cash,In-Store,Walk-In,False
TXN-5100,2025-10-01,STR-03,PRD-2020,6.0,71.7,Cash,Online,Walk-In,False
TXN-5008,2025-09-02,STR-03,PRD-2008,9.0,78.57,GCash,Online,Member,False
TXN-5053,2025-08-01,STR-05,PRD-2013,3.0,157.67,Cash,Online,Member,False
TXN-5214,2025-08-02,STR-02,PRD-2014,1.0,,Card,Online,Walk-In,False
TXN-5290,2025-08-06,STR-04,PRD-2002,5.0,171.61,Maya,Online,,False
TXN-5088,2025-09-17,STR-01,PRD-2013,6.0,61.33,Cash,In-Store,,False
TXN-5118,2025-06-17,STR-07,PRD-2012,9.0,33.8,Maya,Online,Walk-In,False
TXN-5286,2025-07-25,STR-07,PRD-2001,7.0,243.11,GCash,In-Store,Member,False
TXN-5025,2025-09-17,STR-06,PRD-2009,9.0,177.62,Maya,In-Store,Walk-In,False
TXN-5255,2025-10-27,STR-02,PRD-2008,8.0,129.39,Cash,Online,Member,False
TXN-5114,2025-06-04,STR-02,PRD-2007,6.0,125.78,Card,Online,Member,False
TXN-5373,2025-10-15,STR-05,PRD-2010,6.0,84.36,Cash,In-Store,,False
TXN-5241,2025-10-28,STR-01,PRD-2008,1.0,74.89,Card,In-Store,Member,False
TXN-5327,2025-07-22,STR-02,PRD-2018,8.0,217.31,GCash,In-Store,Walk-In,False
TXN-5105,2025-09-02,STR-02,PRD-2016,1.0,,Cash,In-Store,Walk-In,False
TXN-5102,2025-10-12,STR-01,PRD-2009,7.0,120.87,Cash,In-Store,,False
TXN-5078,2025-06-22,STR-04,PRD-2016,8.0,52.89,Cash,Online,,False
TXN-5066,2025-08-07,STR-03,PRD-2004,8.0,270.5,Cash,Online,Walk-In,False
TXN-5026,2025-08-11,STR-06,PRD-2006,2.0,19.8,Cash,In-Store,Walk-In,False
TXN-5231,2025-06-24,STR-05,PRD-2005,8.0,244.41,GCash,In-Store,Walk-In,False
TXN-5282,2025-10-27,STR-04,PRD-2012,7.0,277.76,Cash,In-Store,Member,False
TXN-5116,2025-09-09,STR-01,PRD-2019,3.0,,Cash,In-Store,,False
TXN-5197,2025-07-08,STR-04,PRD-2013,1.0,125.79,Cash,In-Store,Member,False
TXN-5236,2025-06-17,STR-01,PRD-2008,7.0,129.96,Cash,Online,Walk-In,False
TXN-5071,2025-06-13,STR-02,PRD-2012,8.0,118.81,Cash,In-Store,Member,False
TXN-5302,2025-06-13,STR-03,PRD-2003,2.0,291.62,Card,Online,Walk-In,False
TXN-5177,2025-07-27,STR-03,PRD-2012,-3.0,253.61,Cash,In-Store,,True
TXN-5331,2025-06-04,STR-05,PRD-2006,5.0,167.32,GCash,Online,Member,False
TXN-5166,2025-08-19,STR-02,PRD-2013,7.0,270.39,Cash,In-Store,Walk-In,False
TXN-5127,2025-07-30,STR-02,PRD-2018,10.0,114.32,Card,Online,Member,False
TXN-5185,2025-07-01,STR-02,PRD-2012,5.0,278.65,Cash,Online,Walk-In,False
TXN-5336,2025-08-25,STR-01,PRD-2002,2.0,74.99,Maya,In-Store,Walk-In,False
TXN-5143,2025-09-18,STR-01,PRD-2012,5.0,31.26,Card,In-Store,Member,False
TXN-5037,2025-07-08,STR-07,PRD-2017,9.0,164.27,Card,In-Store,,False
TXN-5020,2025-07-22,STR-02,PRD-2014,8.0,206.28,Cash,In-Store,Member,False
TXN-5335,2025-08-23,STR-06,PRD-2010,9.0,71.47,GCash,Online,Member,False
TXN-5299,2025-07-06,STR-03,PRD-2001,3.0,17.69,Card,Online,,False
TXN-5358,2025-06-23,STR-02,PRD-2015,9.0,49.4,Maya,In-Store,Member,False
TXN-5138,2025-09-09,STR-01,PRD-2020,1.0,123.82,Cash,In-Store,Walk-In,False
TXN-5018,2025-06-15,STR-03,PRD-2002,9.0,22.94,Cash,Online,Walk-In,False
TXN-5187,2025-06-01,STR-05,PRD-2010,7.0,,Cash,Online,Walk-In,False
TXN-5294,2025-09-08,STR-03,PRD-2001,1.0,198.96,Cash,In-Store,Walk-In,False
TXN-5156,2025-06-26,STR-07,PRD-2002,2.0,201.88,Card,Online,Walk-In,False
TXN-5270,2025-08-30,STR-04,PRD-2001,10.0,240.49,Cash,In-Store,Walk-In,False
TXN-5035,2025-08-07,STR-02,PRD-2013,7.0,,Card,Online,Walk-In,False
TXN-5036,2025-10-28,STR-07,PRD-2005,10.0,107.95,Cash,Online,Walk-In,False
TXN-5073,2025-07-20,STR-05,PRD-2011,6.0,190.84,Card,In-Store,Walk-In,False
TXN-5133,2025-09-12,STR-02,PRD-2014,10.0,135.03,GCash,Online,Member,False
TXN-5343,2025-06-25,STR-02,PRD-2004,5.0,48.51,Cash,Online,Member,False
TXN-5047,2025-08-17,STR-04,PRD-2012,2.0,15.5,Card,Online,Walk-In,False
TXN-5326,2025-08-16,STR-05,PRD-2014,5.0,262.03,Cash,In-Store,Walk-In,False
TXN-5132,2025-09-27,STR-04,PRD-2014,9.0,99.42,Cash,Online,Walk-In,False
TXN-5316,2025-08-04,STR-02,PRD-2001,1.0,102.36,Card,In-Store,Walk-In,False
TXN-5201,2025-06-12,STR-01,PRD-2002,10.0,208.36,Card,In-Store,,False
TXN-5146,2025-06-24,STR-05,PRD-2010,4.0,226.44,Cash,In-Store,,False
TXN-5086,2025-06-24,STR-04,PRD-2009,5.0,134.09,Cash,In-Store,,False
TXN-5225,2025-07-20,STR-04,PRD-2001,-2.0,288.49,Cash,In-Store,,True
TXN-5091,2025-06-14,STR-06,PRD-2013,10.0,268.97,Maya,Online,,False
TXN-5061,2025-09-20,STR-01,PRD-2004,-3.0,69.64,Card,Online,,True
TXN-5337,2025-10-04,STR-07,PRD-2016,2.0,94.8,Card,In-Store,Member,False
TXN-5134,2025-07-02,STR-03,PRD-2009,2.0,84.08,Cash,Online,Walk-In,False
TXN-5148,2025-08-03,STR-05,PRD-2020,1.0,106.39,Maya,Online,Walk-In,False
TXN-5112,2025-09-24,STR-01,PRD-2009,1.0,269.01,Maya,In-Store,Walk-In,False
TXN-5289,2025-06-24,STR-03,PRD-2014,10.0,58.72,Card,In-Store,Member,False
TXN-5370,2025-08-06,STR-03,PRD-2013,8.0,73.13,Card,Online,,False
TXN-5266,2025-06-15,STR-01,PRD-2012,,287.35,Cash,In-Store,Walk-In,False
TXN-5375,2025-09-09,STR-07,PRD-2011,8.0,114.67,GCash,Online,,False
TXN-5126,2025-09-10,STR-06,PRD-2003,1.0,101.4,Cash,Online,Member,False
TXN-5293,2025-09-02,STR-02,PRD-2006,6.0,84.14,Cash,Online,Walk-In,False
TXN-5272,2025-06-04,STR-02,PRD-2016,1.0,25.11,GCash,Online,Member,False
TXN-5109,2025-07-13,STR-01,PRD-2002,7.0,60.38,Cash,In-Store,,False
TXN-5301,2025-06-09,STR-02,PRD-2001,,81.01,Cash,In-Store,Walk-In,False
TXN-5390,2025-07-10,STR-04,PRD-2016,6.0,150.73,GCash,In-Store,,False
TXN-5388,2025-08-30,STR-01,PRD-2018,6.0,176.13,Card,In-Store,Walk-In,False
TXN-5346,2025-06-23,STR-02,PRD-2009,7.0,162.66,Card,In-Store,Walk-In,False
TXN-5033,2025-07-11,STR-01,PRD-2009,6.0,170.92,GCash,In-Store,Walk-In,False
TXN-5188,2025-10-25,STR-07,PRD-2006,4.0,71.06,Cash,In-Store,,False
TXN-5173,2025-06-06,STR-02,PRD-2019,10.0,278.77,Card,Online,Walk-In,False
TXN-5218,2025-06-24,STR-03,PRD-2012,5.0,46.5,Card,In-Store,,False
TXN-5161,2025-10-24,STR-06,PRD-2006,6.0,218.36,GCash,In-Store,Walk-In,False
TXN-5019,2025-10-08,STR-02,PRD-2009,9.0,159.71,GCash,In-Store,,False
TXN-5054,2025-08-25,STR-04,PRD-2014,4.0,64.79,Card,In-Store,Walk-In,False
TXN-5083,2025-07-16,STR-03,PRD-2001,10.0,114.66,Cash,In-Store,Walk-In,False
TXN-5273,2025-07-11,STR-04,PRD-2013,10.0,117.87,Card,Online,Walk-In,False
TXN-5342,2025-09-01,STR-01,PRD-2011,,253.48,Card,Online,Walk-In,False
TXN-5176,2025-06-24,STR-05,PRD-2008,9.0,142.78,GCash,In-Store,Member,False
TXN-5372,2025-08-10,STR-06,PRD-2013,5.0,49.51,Cash,In-Store,Walk-In,False
TXN-5001,2025-07-30,STR-02,PRD-2005,4.0,,Card,Online,Walk-In,False
TXN-5169,2025-06-15,STR-04,PRD-2007,10.0,240.62,Cash,In-Store,,False
TXN-5183,2025-09-14,STR-01,PRD-2009,5.0,62.82,Cash,In-Store,Walk-In,False
TXN-5279,2025-06-16,STR-06,PRD-2011,8.0,269.85,GCash,In-Store,Member,False
TXN-5119,2025-08-03,STR-01,PRD-2002,,246.43,Maya,In-Store,Walk-In,False
TXN-5175,2025-06-08,STR-05,PRD-2012,8.0,256.0,Cash,Online,Walk-In,False
TXN-5011,2025-08-28,STR-01,PRD-2004,4.0,65.88,Maya,In-Store,Walk-In,False
TXN-5314,2025-10-12,STR-06,PRD-2003,5.0,213.08,Cash,Online,Member,False
TXN-5212,2025-08-13,STR-03,PRD-2012,9.0,199.74,Cash,Online,Member,False
TXN-5007,2025-10-14,STR-06,PRD-2018,9.0,198.23,Cash,In-Store,,False
TXN-5128,2025-10-20,STR-02,PRD-2015,5.0,50.93,Cash,Online,,False
TXN-5368,2025-07-22,STR-01,PRD-2006,9.0,103.91,Cash,In-Store,Member,False
TXN-5325,2025-08-22,STR-05,PRD-2001,9.0,89.77,Card,Online,Walk-In,False
TXN-5243,2025-09-24,STR-06,PRD-2007,9.0,236.8,Cash,Online,Walk-In,False
TXN-5322,2025-10-10,STR-01,PRD-2008,7.0,278.85,Card,In-Store,Member,False
TXN-5332,2025-10-11,STR-01,PRD-2007,1.0,202.78,Card,Online,Member,False
TXN-5084,2025-07-07,STR-03,PRD-2002,4.0,248.37,Cash,In-Store,Member,False
TXN-5374,2025-09-14,STR-06,PRD-2004,3.0,290.68,Maya,In-Store,Member,False
TXN-5196,2025-08-09,STR-04,PRD-2019,5.0,49.64,GCash,Online,Member,False
TXN-5167,2025-08-22,STR-04,PRD-2006,1.0,55.09,Card,Online,Walk-In,False
TXN-5015,2025-08-01,STR-03,PRD-2009,3.0,225.88,Cash,Online,,False
TXN-5179,2025-09-29,STR-03,PRD-2013,8.0,140.79,GCash,In-Store,Member,False
TXN-5154,2025-10-25,STR-03,PRD-2004,,277.61,Card,In-Store,,False
TXN-5130,2025-07-31,STR-02,PRD-2009,2.0,202.5,GCash,Online,Member,False
TXN-5069,2025-08-19,STR-04,PRD-2012,8.0,15.82,Card,In-Store,Walk-In,False
TXN-5131,2025-07-08,STR-06,PRD-2010,4.0,274.75,Card,Online,Member,False
TXN-5227,2025-08-04,STR-04,PRD-2003,7.0,181.67,Cash,In-Store,Member,False
TXN-5151,2025-08-27,STR-05,PRD-2018,4.0,112.46,Card,In-Store,Walk-In,False
TXN-5317,2025-08-05,STR-07,PRD-2015,8.0,72.48,Cash,In-Store,,False
TXN-5093,2025-08-31,STR-02,PRD-2007,,230.88,Cash,In-Store,Walk-In,False
TXN-5029,2025-09-23,STR-02,PRD-2009,1.0,25.53,Cash,Online,,False
TXN-5221,2025-09-10,STR-05,PRD-2001,4.0,234.16,Card,In-Store,,False
TXN-5070,2025-09-16,STR-01,PRD-2018,4.0,234.09,Card,Online,Walk-In,False
TXN-5031,2025-07-29,STR-07,PRD-2005,6.0,253.54,Cash,In-Store,Walk-In,False
TXN-5012,2025-09-10,STR-06,PRD-2003,3.0,22.85,Card,Online,Member,False
TXN-5357,2025-08-16,STR-03,PRD-2018,6.0,147.79,Cash,In-Store,Walk-In,False
TXN-5108,2025-08-07,STR-01,PRD-2018,10.0,141.47,Card,Online,Member,False
TXN-5386,2025-07-13,STR-02,PRD-2003,9.0,,GCash,Online,Walk-In,False
TXN-5295,2025-07-29,STR-04,PRD-2013,4.0,,Cash,In-Store,Member,False
TXN-5313,2025-06-12,STR-03,PRD-2014,3.0,121.92,Card,In-Store,,False
TXN-5209,2025-09-15,STR-03,PRD-2005,10.0,93.87,Card,In-Store,Member,False
TXN-5234,2025-08-09,STR-07,PRD-2013,,56.34,Cash,Online,Walk-In,False
TXN-5198,2025-06-14,STR-03,PRD-2013,6.0,255.26,Card,In-Store,Member,False
TXN-5385,2025-10-01,STR-04,PRD-2015,10.0,112.38,GCash,In-Store,Member,False
TXN-5110,2025-10-20,STR-02,PRD-2005,9.0,159.48,Maya,Online,,False
TXN-5307,2025-09-08,STR-04,PRD-2005,1.0,157.8,Card,Online,Member,False
TXN-5350,2025-08-28,STR-02,PRD-2007,6.0,34.06,Cash,Online,Walk-In,False
TXN-5059,2025-08-03,STR-02,PRD-2005,2.0,220.69,Maya,Online,Walk-In,False
TXN-5023,2025-08-21,STR-03,PRD-2001,8.0,20.15,Card,In-Store,,False
TXN-5039,2025-08-02,STR-01,PRD-2015,9.0,41.2,Card,In-Store,Member,False
TXN-5041,2025-06-20,STR-06,PRD-2010,10.0,71.51,Card,Online,Walk-In,False
TXN-5397,2025-09-06,STR-02,PRD-2008,,227.39,GCash,In-Store,Member,False
TXN-5099,2025-08-29,STR-03,PRD-2006,10.0,247.45,GCash,In-Store,,False
TXN-5172,2025-10-05,STR-01,PRD-2012,2.0,185.21,Card,In-Store,,False
TXN-5296,2025-08-01,STR-02,PRD-2011,5.0,298.38,GCash,Online,Member,False
TXN-5311,2025-08-07,STR-07,PRD-2016,6.0,150.84,GCash,Online,Walk-In,False
TXN-5253,2025-08-23,STR-06,PRD-2012,6.0,277.12,Card,Online,Walk-In,False
TXN-5076,2025-07-31,STR-03,PRD-2015,10.0,71.23,GCash,Online,Member,False
TXN-5152,2025-08-14,STR-04,PRD-2013,5.0,113.27,GCash,Online,Walk-In,False
TXN-5159,2025-09-08,STR-06,PRD-2005,7.0,38.63,Cash,Online,Member,False
TXN-5155,2025-10-18,STR-05,PRD-2005,10.0,38.66,Cash,Online,Member,False
TXN-5141,2025-09-14,STR-03,PRD-2018,8.0,257.44,Card,Online,Walk-In,False
TXN-5189,2025-10-05,STR-02,PRD-2007,4.0,72.65,Cash,Online,Walk-In,False
TXN-5046,2025-09-02,STR-04,PRD-2013,,,Cash,Online,Member,False
TXN-5052,2025-06-13,STR-05,PRD-2005,7.0,99.86,Maya,In-Store,Member,False
TXN-5123,2025-09-20,STR-02,PRD-2010,1.0,,Cash,In-Store,Member,False
TXN-5379,2025-10-09,STR-02,PRD-2008,6.0,292.83,Cash,In-Store,Walk-In,False
TXN-5049,2025-09-18,STR-07,PRD-2002,1.0,96.4,GCash,Online,Walk-In,False
TXN-5347,2025-10-27,STR-02,PRD-2020,9.0,32.71,GCash,In-Store,,False
TXN-5181,2025-09-07,STR-06,PRD-2003,6.0,81.66,Cash,In-Store,Member,False
TXN-5267,2025-07-05,STR-01,PRD-2020,4.0,276.49,Card,Online,Walk-In,False
TXN-5045,2025-07-24,STR-01,PRD-2005,5.0,52.79,Maya,In-Store,Walk-In,False
TXN-5057,2025-08-09,STR-04,PRD-2013,7.0,256.87,Cash,Online,Walk-In,False
TXN-5220,2025-06-28,STR-06,PRD-2002,1.0,102.42,Maya,In-Store,Walk-In,False
TXN-5398,2025-06-25,STR-02,PRD-2001,,,GCash,Online,Walk-In,False
TXN-5389,2025-06-27,STR-02,PRD-2012,1.0,144.69,Cash,In-Store,Walk-In,False
TXN-5377,2025-09-19,STR-05,PRD-2009,3.0,206.39,GCash,In-Store,Walk-In,False
TXN-5333,2025-07-10,STR-06,PRD-2005,,98.69,GCash,In-Store,,False
TXN-5363,2025-06-16,STR-04,PRD-2016,1.0,,Maya,In-Store,,False
TXN-5063,2025-08-03,STR-04,PRD-2010,-1.0,207.22,Cash,In-Store,Walk-In,True
TXN-5394,2025-10-22,STR-04,PRD-2007,,116.06,Cash,In-Store,,False
TXN-5400,2025-07-07,STR-02,PRD-2020,2.0,287.69,Cash,In-Store,Walk-In,False
TXN-5260,2025-08-16,STR-04,PRD-2012,3.0,112.87,Maya,In-Store,Member,False
TXN-5096,2025-09-30,STR-01,PRD-2005,6.0,140.96,Card,In-Store,Walk-In,False
TXN-5013,2025-09-30,STR-03,PRD-2005,3.0,,Maya,In-Store,,False
TXN-5107,2025-07-05,STR-07,PRD-2008,8.0,196.89,Maya,In-Store,Member,False
TXN-5382,2025-10-14,STR-02,PRD-2018,4.0,292.56,Card,In-Store,Member,False
TXN-5287,2025-06-12,STR-05,PRD-2011,10.0,282.97,Cash,In-Store,Walk-In,False
TXN-5004,2025-06-29,STR-01,PRD-2004,,43.92,Card,In-Store,Walk-In,False
TXN-5344,2025-10-24,STR-05,PRD-2009,4.0,173.26,GCash,Online,,False
TXN-5204,2025-09-13,STR-03,PRD-2008,9.0,144.43,Maya,Online,Member,False
TXN-5235,2025-07-16,STR-02,PRD-2011,2.0,275.45,Card,In-Store,Member,False
TXN-5149,2025-09-28,STR-04,PRD-2003,6.0,23.13,Card,In-Store,Walk-In,False
TXN-5315,2025-10-11,STR-06,PRD-2005,9.0,192.48,Card,In-Store,Member,False
TXN-5280,2025-07-05,STR-07,PRD-2015,7.0,101.19,GCash,In-Store,Member,False
TXN-5339,2025-08-28,STR-02,PRD-2010,-2.0,152.1,Card,In-Store,Member,True
TXN-5028,2025-10-13,STR-01,PRD-2006,3.0,103.92,Card,Online,Walk-In,False
TXN-5362,2025-08-04,STR-01,PRD-2017,8.0,99.31,Card,Online,,False
TXN-5040,2025-08-04,STR-07,PRD-2009,4.0,200.23,Cash,Online,Member,False
TXN-5276,2025-07-07,STR-03,PRD-2003,5.0,178.46,Card,Online,Walk-In,False
TXN-5305,2025-07-21,STR-04,PRD-2018,5.0,,Maya,In-Store,Member,False
