product_id,product_name,category,stock_on_hand,reorder_level,unit_cost,supplier
PRD-2001,Instant Coffee 3-in-1,Household,72.0,13,25.53,
PRD-2002,Bottled Water 500ml,Beverages,182.0,42,59.96,Metro Distrib.
PRD-2003,Potato Chips 60g,Personal Care,,15,141.35,Metro Distrib.
PRD-2004,Crackers Family Pack,School Supplies,58.0,50,159.84,Metro Distrib.
PRD-2005,Dish Soap 500ml,School Supplies,294.0,24,19.27,JC Trading
PRD-2006,Laundry Powder 1kg,Household,209.0,17,146.16,
PRD-2007,Shampoo Sachet,Snacks,47.0,50,53.46,Metro Distrib.
PRD-2008,Toothpaste 150g,Frozen Goods,27.0,49,57.84,
PRD-2009,Frozen Siomai 20pc,Personal Care,155.0,39,95.5,JC Trading
PRD-2010,Notebook 80 leaves,Snacks,119.0,29,135.1,Golden Supply Co.
PRD-2011,Ballpen Black,Personal Care,142.0,14,36.57,Metro Distrib
PRD-2012,Canned Sardines,Snacks,170.0,41,110.05,Metro Distrib.
PRD-2013,Instant Noodles Pack,Frozen Goods,288.0,30,90.31,Golden Supply Co.
PRD-2014,Soft Drinks 1.5L,School Supplies,249.0,39,24.64,Metro Distrib.
PRD-2015,Rice 5kg,Household,237.0,14,22.68,Golden Supply Co.
PRD-2016,Cooking Oil 1L,School Supplies,223.0,34,222.66,Golden Supply Co.
PRD-2017,Toilet Paper 6pk,Beverages,231.0,49,36.34,Metro Distrib.
PRD-2018,Alcohol 500ml,Snacks,142.0,25,104.29,Metro Distrib
PRD-2019,Face Mask 50pc,Beverages,80.0,45,75.24,JC Trading
PRD-2020,Biscuits Assorted,Personal Care,276.0,36,246.73,Metro Distrib
PRD-2004,Crackers Family Pack,Household,40.0,50,159.84,Metro Distrib.
