transaction_id,date,store_id,product_id,quantity,unit_price,payment_method,channel,customer_type
TXN-5092,09/12/2025,STR-02,PRD-2016,4,,CARD,Online,member
TXN-5292,09/11/2025,STR-01,PRD-2001,2,158.03,CARD,Online,walk-in
TXN-5329,2025-08-22,STR-02,PRD-2015,4,183.75,cash,ONLINE,member
TXN-5240,10/06/2025,STR-03,PRD-2014,10,15.28,Maya,in-store,Walk-in
TXN-5171,2025-07-25,STR-02,PRD-2010,10,237.2,GCash,Online,Walk-in
TXN-5310,08/30/2025,STR-04,PRD-2017,6,242.24,Maya,Online,
TXN-5210,08/08/2025,str-06,PRD-2005,2,,CARD,In-Store,member
TXN-5184,25-Sep-2025,STR-01,PRD-2005,1,239.47,GCash,ONLINE,walk-in
TXN-5194,07/28/2025,STR-02,PRD-2004,9,23.57,Cash,Online,walk-in
TXN-5229,2025-09-01,STR-05,PRD-2013,2,135.35,Card,Online,member
TXN-5254,2025-06-11,STR-07,PRD-2013,4,157.37,GCash,in-store,
TXN-5103,2025-07-08,STR-07,PRD-2003,3,288.02,Card,in-store,walk-in
TXN-5215,10/16/2025,STR-05,PRD-2020,9,222.23,cash,ONLINE,member
TXN-5384,09/08/2025,STR-05,PRD-2014,1,288.98,Card,in-store,Walk-in
TXN-5208,2025-08-29,STR-01,PRD-2017,8,232.41,CARD,Online,Member
TXN-5145,06/26/2025,STR-07,PRD-2008,8,58.51,cash,Online,
TXN-5085,2025-08-19,STR-01,PRD-2016,2,241.82,Maya,Online,
TXN-5308,07/21/2025,STR-01,PRD-2020,1,174.18,Maya,ONLINE,
TXN-5182,2025-08-24,STR-01,PRD-2006,9,140.11,GCash,in-store,member
TXN-5348,26-Aug-2025,STR-01,PRD-2007,3,112.49,cash,Online,Walk-in
TXN-5158,10/24/2025,STR-07,PRD-2004,7,276.81,cash,In-Store,Walk-in
TXN-5075,28-Sep-2025,STR-04,PRD-2009,8,156.51,Cash,in-store,Member
TXN-5077,06/17/2025,STR-04,PRD-2018,3,266.79,Cash,in-store,
TXN-5353,2025-07-13,STR-07,PRD-2017,10,284.59,Cash,In-Store,walk-in
TXN-5082,11-Jun-2025,STR-02,PRD-2004,-3,181.21,Cash,in-store,
TXN-5144,14-Oct-2025,str-06,PRD-2019,,,Cash,in-store,walk-in
TXN-5306,2025-10-18,STR-03,PRD-2014,5,105.71,cash,ONLINE,Member
TXN-5395,03-Jul-2025,STR-04,PRD-2015,8,177.5,Maya,In-Store,member
TXN-5038,2025-07-29,STR-01,PRD-2005,2,143.65,Cash,In-Store,
TXN-5278,2025-06-19,STR-07,PRD-2011,9,84.88,CARD,ONLINE,walk-in
TXN-5190,11-Oct-2025,STR-03,PRD-2010,8,131.71,cash,Online,walk-in
TXN-5217,2025-10-07,STR-05,PRD-2019,4,153.71,cash,in-store,
TXN-5249,2025-06-29,STR-04,PRD-2015,5,35.47,Cash,ONLINE,member
TXN-5195,05-Jun-2025,str-06,PRD-2019,4,44.32,Cash,Online,Walk-in
TXN-5284,22-Jul-2025,STR-03,PRD-2017,4,31.19,GCash,In-Store,Walk-in
TXN-5257,2025-08-12,STR-01,PRD-2017,6,17.51,GCash,Online,member
TXN-5297,08-Aug-2025,STR-02,PRD-2010,6,,GCash,Online,walk-in
TXN-5051,2025-10-19,STR-01,PRD-2002,7,229.51,Maya,in-store,member
TXN-5014,2025-07-06,STR-07,PRD-2007,4,,GCash,in-store,
TXN-5281,08/17/2025,STR-03,PRD-2019,6,69.22,Cash,Online,walk-in
TXN-5006,2025-10-02,STR-02,PRD-2004,5,212.24,CARD,In-Store,Member
TXN-5298,2025-09-24,STR-01,PRD-2007,6,,cash,Online,member
TXN-5087,2025-08-31,STR-01,PRD-2012,7,73.05,Cash,ONLINE,Member
TXN-5268,27-Aug-2025,str-06,PRD-2001,2,161.26,CARD,in-store,member
TXN-5230,2025-07-19,STR-03,PRD-2008,5,112.31,GCash,Online,Member
TXN-5269,12-Jun-2025,STR-03,PRD-2004,6,47.2,Maya,Online,walk-in
TXN-5191,2025-08-03,STR-07,PRD-2012,,178.85,Cash,in-store,
TXN-5219,09/16/2025,STR-05,PRD-2010,4,68.61,GCash,In-Store,
TXN-5153,2025-08-24,str-06,PRD-2010,2,26.41,Maya,ONLINE,
TXN-5244,2025-10-22,STR-05,PRD-2006,4,86.16,Cash,Online,walk-in
TXN-5203,06/16/2025,STR-05,PRD-2009,10,57.3,Cash,Online,walk-in
TXN-5048,07/21/2025,str-06,PRD-2010,2,299.66,CARD,In-Store,walk-in
TXN-5021,08/17/2025,STR-07,PRD-2005,6,266.61,cash,Online,Walk-in
TXN-5371,09/13/2025,STR-07,PRD-2011,,167.67,Maya,ONLINE,Walk-in
TXN-5140,2025-09-27,STR-02,PRD-2003,4,175.19,GCash,Online,walk-in
TXN-5320,2025-07-23,STR-01,PRD-2003,7,133.19,Maya,In-Store,Walk-in
TXN-5239,07/21/2025,STR-02,PRD-2013,9,196.92,GCash,Online,
TXN-5042,08/05/2025,str-06,PRD-2010,3,,Cash,ONLINE,walk-in
TXN-5321,2025-10-23,STR-04,PRD-2014,8,33.55,cash,ONLINE,Member
TXN-5356,09/18/2025,STR-01,PRD-2010,1,265.29,cash,ONLINE,member
TXN-5399,10/21/2025,STR-04,PRD-2009,,151.47,Cash,In-Store,Member
TXN-5032,2025-09-19,STR-01,PRD-2013,5,212.42,Cash,ONLINE,Member
TXN-5367,09/01/2025,STR-03,PRD-2011,10,28.77,CARD,in-store,Member
TXN-5163,2025-08-19,STR-05,PRD-2006,8,105.14,CARD,ONLINE,member
TXN-5005,07/24/2025,STR-02,PRD-2009,10,50.01,cash,ONLINE,member
TXN-5366,08/14/2025,STR-01,PRD-2014,7,244.4,Maya,ONLINE,member
TXN-5304,29-Aug-2025,STR-07,PRD-2008,5,19.33,Card,In-Store,Walk-in
TXN-5338,2025-07-06,STR-07,PRD-2008,5,,CARD,In-Store,Walk-in
TXN-5309,2025-08-20,STR-05,PRD-2001,8,183.8,cash,Online,member
TXN-5365,02-Jun-2025,STR-03,PRD-2005,10,299.35,GCash,in-store,Member
TXN-5263,08/04/2025,STR-02,PRD-2017,8,145.57,CARD,In-Store,
TXN-5256,2025-07-19,STR-03,PRD-2001,,252.56,CARD,ONLINE,Member
TXN-5089,07/07/2025,STR-04,PRD-2003,6,63.93,Card,in-store,Member
TXN-5238,2025-06-26,STR-01,PRD-2009,4,26.53,Cash,Online,member
TXN-5122,10/11/2025,STR-03,PRD-2016,9,218.6,Cash,in-store,Member
TXN-5120,2025-10-01,STR-01,PRD-2007,6,20.96,Card,in-store,Walk-in
TXN-5135,2025-09-17,STR-01,PRD-2020,9,280.11,GCash,in-store,Walk-in
TXN-5349,21-Aug-2025,STR-04,PRD-2014,,57.2,CARD,Online,Member
TXN-5027,2025-07-27,STR-07,PRD-2004,6,134.06,Card,Online,Walk-in
TXN-5361,09/25/2025,str-06,PRD-2009,2,224.35,CARD,ONLINE,Member
TXN-5250,06/22/2025,STR-03,PRD-2019,8,154.18,CARD,in-store,Walk-in
TXN-5081,2025-10-13,STR-07,PRD-2004,1,150.31,GCash,ONLINE,walk-in
TXN-5258,2025-08-15,STR-07,PRD-2019,10,39.24,Card,ONLINE,member
TXN-5111,07/15/2025,STR-01,PRD-2010,8,16.81,cash,ONLINE,Walk-in
TXN-5178,2025-10-02,STR-02,PRD-2011,4,100.16,CARD,ONLINE,Walk-in
TXN-5354,2025-07-30,STR-05,PRD-2015,8,280.98,Maya,In-Store,member
TXN-5060,10/20/2025,STR-01,PRD-2005,1,101.58,GCash,in-store,
TXN-5174,09/23/2025,STR-07,PRD-2020,5,111.57,GCash,ONLINE,Walk-in
TXN-5264,10/29/2025,STR-07,PRD-2014,8,158.39,CARD,In-Store,
TXN-5312,2025-10-14,STR-02,PRD-2017,6,64.12,Maya,ONLINE,Member
TXN-5147,2025-07-01,STR-02,PRD-2005,9,,cash,Online,member
TXN-5106,06/28/2025,STR-05,PRD-2008,5,73.19,CARD,ONLINE,Member
TXN-5199,2025-10-22,STR-05,PRD-2005,6,135.31,Maya,In-Store,walk-in
TXN-5351,10/06/2025,STR-03,PRD-2003,2,193.17,Card,ONLINE,Walk-in
TXN-5022,10-Sep-2025,STR-02,PRD-2008,7,130.09,cash,Online,walk-in
TXN-5067,08-Jul-2025,STR-01,PRD-2007,,133.38,Maya,In-Store,Member
TXN-5115,2025-10-16,STR-07,PRD-2017,1,221.52,CARD,in-store,Member
TXN-5101,23-Aug-2025,STR-02,PRD-2009,9,,Card,ONLINE,
TXN-5016,07/04/2025,STR-05,PRD-2017,,67.19,Cash,Online,Member
TXN-5056,2025-08-09,STR-01,PRD-2016,6,158.47,Maya,Online,Walk-in
TXN-5378,06/09/2025,STR-07,PRD-2013,3,264.52,cash,in-store,Walk-in
TXN-5224,2025-08-22,STR-02,PRD-2012,1,43.34,CARD,In-Store,walk-in
TXN-5202,2025-06-26,STR-05,PRD-2001,1,102.04,Maya,Online,Walk-in
TXN-5079,07/02/2025,STR-03,PRD-2010,5,225.35,GCash,ONLINE,Member
TXN-5142,09/18/2025,STR-04,PRD-2001,5,201.5,Card,ONLINE,member
TXN-5211,10-Sep-2025,STR-05,PRD-2005,5,188.09,cash,ONLINE,member
TXN-5392,12-Jul-2025,STR-07,PRD-2014,1,222.45,CARD,ONLINE,Walk-in
TXN-5324,07/22/2025,STR-04,PRD-2002,7,54.96,cash,In-Store,Member
TXN-5136,08-Sep-2025,STR-01,PRD-2002,4,237.81,GCash,in-store,Walk-in
TXN-5245,2025-08-28,STR-02,PRD-2010,8,82.79,GCash,In-Store,
TXN-5010,29-Aug-2025,STR-03,PRD-2003,4,111.26,cash,In-Store,member
TXN-5129,2025-07-20,STR-07,PRD-2020,3,221.1,CARD,in-store,Member
TXN-5205,07/22/2025,STR-03,PRD-2015,5,148.66,Card,In-Store,Member
TXN-5044,22-Jun-2025,STR-01,PRD-2010,9,143.09,Card,ONLINE,Member
TXN-5242,09-Sep-2025,STR-05,PRD-2008,2,285.64,cash,in-store,
TXN-5247,07/01/2025,STR-07,PRD-2006,3,146.44,cash,Online,Walk-in
TXN-5369,01-Sep-2025,STR-02,PRD-2009,8,106.46,cash,ONLINE,Walk-in
TXN-5192,23-Sep-2025,STR-01,PRD-2004,4,261.66,Card,ONLINE,
TXN-5391,2025-10-23,STR-04,PRD-2007,1,70.03,Card,ONLINE,member
TXN-5009,2025-07-29,STR-04,PRD-2012,1,149.59,GCash,in-store,member
TXN-5345,2025-10-07,STR-01,PRD-2001,1,240.45,CARD,Online,Member
TXN-5228,2025-10-03,STR-07,PRD-2008,3,68.17,Card,ONLINE,
TXN-5334,2025-07-10,STR-03,PRD-2011,4,242.82,GCash,ONLINE,Walk-in
TXN-5328,2025-07-22,str-06,PRD-2018,6,,Cash,ONLINE,
TXN-5055,2025-08-01,STR-07,PRD-2019,1,132.64,cash,Online,member
TXN-5137,2025-10-26,STR-02,PRD-2016,6,131.95,cash,Online,Member
TXN-5117,2025-07-12,STR-02,PRD-2001,,198.41,Cash,In-Store,Walk-in
TXN-5226,2025-08-01,STR-01,PRD-2006,3,271.18,cash,in-store,member
,,,,,,,,
TXN-5387,07/22/2025,str-06,PRD-2010,1,220.92,Maya,In-Store,Walk-in
TXN-5340,06/29/2025,STR-03,PRD-2003,8,172.2,GCash,ONLINE,member
TXN-5104,28-Oct-2025,STR-03,PRD-2001,4,190.57,cash,ONLINE,
TXN-5024,2025-06-17,STR-07,PRD-2008,2,92.5,GCash,in-store,Member
TXN-5285,19-Jun-2025,STR-05,PRD-2011,1,168.03,Cash,in-store,Walk-in
TXN-5222,10-Oct-2025,STR-05,PRD-2007,2,162.75,CARD,In-Store,Walk-in
TXN-5162,10/21/2025,STR-04,PRD-2009,1,18.25,Cash,In-Store,member
TXN-5030,2025-09-30,STR-04,PRD-2004,7,170.58,cash,in-store,Member
TXN-5125,2025-10-06,str-06,PRD-2003,9,193.96,Card,In-Store,member
TXN-5113,08/08/2025,str-06,PRD-2014,9,99.25,GCash,In-Store,
TXN-5376,2025-10-12,STR-03,PRD-2005,2,34.03,Cash,Online,
TXN-5157,10/22/2025,STR-07,PRD-2010,1,137.74,Maya,In-Store,member
TXN-5262,08/01/2025,STR-04,PRD-2009,3,72.8,Maya,In-Store,Member
TXN-5275,2025-08-20,STR-05,PRD-2016,1,264.74,CARD,In-Store,Member
TXN-5319,2025-08-05,STR-04,PRD-2019,10,291.84,Maya,in-store,Walk-in
TXN-5097,2025-07-04,str-06,PRD-2011,9,229.34,cash,Online,Walk-in
TXN-5233,09/21/2025,STR-03,PRD-2018,10,50.77,Cash,In-Store,
TXN-5393,03-Jun-2025,STR-07,PRD-2003,1,178.26,Cash,in-store,walk-in
TXN-5002,2025-08-12,STR-04,PRD-2018,10,50.77,CARD,In-Store,member
TXN-5193,2025-06-16,STR-01,PRD-2016,1,168.14,Cash,Online,Walk-in
TXN-5121,03-Sep-2025,STR-07,PRD-2020,5,23.83,cash,In-Store,member
TXN-5062,2025-06-01,STR-03,PRD-2015,6,266.88,cash,Online,
TXN-5165,2025-10-24,STR-03,PRD-2002,10,187.66,Cash,Online,
TXN-5186,15-Sep-2025,STR-01,PRD-2010,1,159.72,CARD,Online,member
TXN-5381,10/21/2025,STR-01,PRD-2002,8,78.97,Maya,in-store,walk-in
TXN-5050,09/20/2025,STR-02,PRD-2012,7,246.41,Maya,ONLINE,
TXN-5180,07/20/2025,STR-02,PRD-2008,-3,268.28,GCash,ONLINE,Walk-in
TXN-5216,2025-08-31,str-06,PRD-2012,1,164.7,Cash,ONLINE,walk-in
TXN-5098,17-Jun-2025,str-06,PRD-2004,8,246.13,GCash,Online,Walk-in
TXN-5074,2025-08-16,STR-07,PRD-2020,2,,GCash,In-Store,member
TXN-5164,2025-07-13,STR-07,PRD-2004,3,134.12,cash,ONLINE,walk-in
TXN-5064,07/29/2025,STR-03,PRD-2008,6,118.26,cash,Online,Walk-in
TXN-5246,2025-09-22,str-06,PRD-2012,3,55.44,CARD,Online,walk-in
TXN-5277,22-Oct-2025,STR-01,PRD-2007,10,118.43,Card,Online,Member
TXN-5043,06/26/2025,str-06,PRD-2016,9,147.78,Cash,Online,walk-in
TXN-5207,2025-10-21,STR-03,PRD-2010,4,235.06,GCash,In-Store,
TXN-5168,10/19/2025,STR-04,PRD-2012,9,242.26,GCash,Online,walk-in
TXN-5065,08/14/2025,STR-05,PRD-2003,4,248.7,GCash,ONLINE,Member
TXN-5095,2025-10-07,STR-01,PRD-2001,8,142.34,CARD,ONLINE,Member
TXN-5261,07/27/2025,STR-04,PRD-2003,10,180.52,cash,in-store,
TXN-5291,2025-08-11,STR-05,PRD-2009,1,43.44,Card,Online,Member
TXN-5139,16-Sep-2025,str-06,PRD-2012,2,226.32,CARD,Online,member
TXN-5094,09/08/2025,STR-05,PRD-2010,5,136.34,Maya,in-store,member
TXN-5274,07/04/2025,STR-01,PRD-2007,6,109.44,cash,ONLINE,walk-in
TXN-5034,2025-07-26,STR-01,PRD-2011,8,201.97,GCash,In-Store,Walk-in
TXN-5330,23-Jul-2025,STR-01,PRD-2006,2,,Cash,ONLINE,Member
TXN-5252,10-Sep-2025,STR-03,PRD-2012,9,279.11,GCash,In-Store,walk-in
TXN-5364,2025-09-05,STR-07,PRD-2017,10,25.01,Card,ONLINE,Member
TXN-5017,2025-07-07,str-06,PRD-2004,6,166.26,cash,In-Store,
TXN-5044,22-Jun-2025,STR-01,PRD-2010,9,143.09,Card,ONLINE,Member
TXN-5380,2025-10-11,STR-07,PRD-2011,8,54.55,Card,In-Store,member
TXN-5150,06/25/2025,STR-04,PRD-2005,,193.2,Card,In-Store,walk-in
TXN-5271,2025-08-06,STR-05,PRD-2010,7,182.67,Card,in-store,member
TXN-5200,06/28/2025,STR-01,PRD-2011,9,79.26,cash,ONLINE,member
TXN-5318,04-Sep-2025,str-06,PRD-2015,1,99.15,cash,ONLINE,
TXN-5232,07/26/2025,STR-04,PRD-2019,8,79.77,cash,Online,walk-in
TXN-5359,2025-07-18,STR-03,PRD-2005,4,247.52,cash,in-store,member
TXN-5283,10-Aug-2025,STR-05,PRD-2001,5,20.72,Cash,ONLINE,member
TXN-5223,2025-06-26,STR-05,PRD-2016,10,243.08,Maya,In-Store,
TXN-5124,18-Jul-2025,STR-05,PRD-2012,9,284.0,Card,Online,Member
TXN-5248,2025-08-14,STR-04,PRD-2007,,101.61,Cash,in-store,member
TXN-5341,2025-06-10,STR-05,PRD-2019,3,253.6,Cash,in-store,Member
TXN-5265,2025-06-27,str-06,PRD-2013,4,235.87,GCash,in-store,
TXN-5068,2025-09-09,str-06,PRD-2011,2,108.83,GCash,ONLINE,Walk-in
TXN-5237,2025-07-16,str-06,PRD-2012,1,214.29,GCash,ONLINE,walk-in
TXN-5080,2025-07-18,STR-02,PRD-2010,10,33.47,Card,Online,
TXN-5383,2025-07-15,STR-05,PRD-2009,2,93.01,Cash,In-Store,member
TXN-5170,08/30/2025,STR-02,PRD-2013,5,163.73,cash,Online,Member
TXN-5352,08/29/2025,STR-07,PRD-2016,8,251.1,Card,In-Store,member
TXN-5303,2025-07-16,STR-05,PRD-2005,9,47.02,Card,ONLINE,Walk-in
TXN-5355,09/10/2025,str-06,PRD-2011,7,80.08,Maya,in-store,
TXN-5251,31-Aug-2025,str-06,PRD-2010,5,37.27,Maya,In-Store,Walk-in
TXN-5323,2025-09-26,STR-02,PRD-2003,1,40.15,GCash,ONLINE,Walk-in
TXN-5003,2025-10-22,STR-04,PRD-2013,7,34.19,GCash,ONLINE,Member
TXN-5160,2025-06-04,STR-01,PRD-2004,2,49.58,cash,In-Store,walk-in
TXN-5072,03-Aug-2025,STR-07,PRD-2013,,,Cash,In-Store,walk-in
TXN-5288,10/23/2025,STR-03,PRD-2002,6,20.3,GCash,Online,
TXN-5360,21-Aug-2025,STR-05,PRD-2020,3,17.58,GCash,In-Store,Member
TXN-5090,2025-10-12,STR-01,PRD-2004,4,253.63,Cash,ONLINE,walk-in
TXN-5206,2025-08-25,STR-05,PRD-2018,10,278.39,GCash,Online,walk-in
TXN-5300,2025-08-30,STR-02,PRD-2015,2,198.02,Maya,ONLINE,walk-in
TXN-5396,2025-07-14,str-06,PRD-2008,8,149.44,GCash,In-Store,member
TXN-5058,09/17/2025,STR-07,PRD-2016,8,,cash,ONLINE,member
TXN-5259,15-Oct-2025,STR-07,PRD-2005,10,246.18,Cash,in-store,
TXN-5213,2025-09-22,STR-05,PRD-2010,7,180.75,Cash,in-store,walk-in
TXN-5100,2025-10-01,STR-03,PRD-2020,6,71.7,cash,Online,walk-in
TXN-5008,02-Sep-2025,STR-03,PRD-2008,9,78.57,GCash,Online,member
TXN-5053,2025-08-01,STR-05,PRD-2013,3,157.67,cash,Online,member
TXN-5214,02-Aug-2025,STR-02,PRD-2014,1,,Card,ONLINE,walk-in
TXN-5290,06-Aug-2025,STR-04,PRD-2002,5,171.61,Maya,ONLINE,
TXN-5088,2025-09-17,STR-01,PRD-2013,6,61.33,Cash,In-Store,
TXN-5118,17-Jun-2025,STR-07,PRD-2012,9,33.8,Maya,ONLINE,Walk-in
TXN-5286,2025-07-25,STR-07,PRD-2001,7,243.11,GCash,In-Store,member
TXN-5025,17-Sep-2025,str-06,PRD-2009,9,177.62,Maya,in-store,Walk-in
TXN-5255,10/27/2025,STR-02,PRD-2008,8,129.39,Cash,ONLINE,member
TXN-5114,2025-06-04,STR-02,PRD-2007,6,125.78,CARD,Online,member
TXN-5373,15-Oct-2025,STR-05,PRD-2010,6,84.36,Cash,In-Store,
TXN-5241,10/28/2025,STR-01,PRD-2008,1,74.89,Card,In-Store,member
TXN-5327,2025-07-22,STR-02,PRD-2018,8,217.31,GCash,in-store,walk-in
TXN-5105,02-Sep-2025,STR-02,PRD-2016,1,,Cash,in-store,walk-in
TXN-5102,10/12/2025,STR-01,PRD-2009,7,120.87,cash,in-store,
TXN-5078,2025-06-22,STR-04,PRD-2016,8,52.89,cash,Online,
TXN-5066,08/07/2025,STR-03,PRD-2004,8,270.5,cash,ONLINE,Walk-in
TXN-5026,2025-08-11,str-06,PRD-2006,2,19.8,Cash,in-store,Walk-in
TXN-5231,2025-06-24,STR-05,PRD-2005,8,244.41,GCash,in-store,walk-in
TXN-5282,2025-10-27,STR-04,PRD-2012,7,277.76,cash,in-store,Member
TXN-5116,09/09/2025,STR-01,PRD-2019,3,,Cash,In-Store,
TXN-5197,07/08/2025,STR-04,PRD-2013,1,125.79,cash,In-Store,member
TXN-5236,06/17/2025,STR-01,PRD-2008,7,129.96,cash,Online,walk-in
TXN-5071,06/13/2025,STR-02,PRD-2012,8,118.81,cash,In-Store,member
TXN-5302,13-Jun-2025,STR-03,PRD-2003,2,291.62,CARD,ONLINE,Walk-in
TXN-5177,2025-07-27,STR-03,PRD-2012,-3,253.61,Cash,in-store,
TXN-5331,04-Jun-2025,STR-05,PRD-2006,5,167.32,GCash,Online,Member
TXN-5166,08/19/2025,STR-02,PRD-2013,7,270.39,cash,in-store,Walk-in
TXN-5127,30-Jul-2025,STR-02,PRD-2018,10,114.32,Card,Online,member
TXN-5185,2025-07-01,STR-02,PRD-2012,5,278.65,Cash,ONLINE,walk-in
TXN-5336,08/25/2025,STR-01,PRD-2002,2,74.99,Maya,In-Store,walk-in
TXN-5143,09/18/2025,STR-01,PRD-2012,5,31.26,CARD,in-store,Member
TXN-5037,2025-07-08,STR-07,PRD-2017,9,164.27,CARD,In-Store,
TXN-5020,22-Jul-2025,STR-02,PRD-2014,8,206.28,cash,In-Store,Member
TXN-5335,2025-08-23,str-06,PRD-2010,9,71.47,GCash,Online,member
TXN-5299,06-Jul-2025,STR-03,PRD-2001,3,17.69,Card,Online,
TXN-5358,23-Jun-2025,STR-02,PRD-2015,9,49.4,Maya,In-Store,member
TXN-5138,09/09/2025,STR-01,PRD-2020,1,123.82,Cash,In-Store,Walk-in
TXN-5018,2025-06-15,STR-03,PRD-2002,9,22.94,Cash,ONLINE,walk-in
TXN-5187,06/01/2025,STR-05,PRD-2010,7,,cash,Online,walk-in
TXN-5294,2025-09-08,STR-03,PRD-2001,1,198.96,cash,in-store,Walk-in
TXN-5318,04-Sep-2025,str-06,PRD-2015,1,99.15,cash,ONLINE,
TXN-5156,06/26/2025,STR-07,PRD-2002,2,201.88,Card,Online,walk-in
TXN-5270,2025-08-30,STR-04,PRD-2001,10,240.49,cash,In-Store,Walk-in
TXN-5035,07-Aug-2025,STR-02,PRD-2013,7,,Card,Online,Walk-in
TXN-5036,28-Oct-2025,STR-07,PRD-2005,10,107.95,cash,Online,walk-in
TXN-5073,07/20/2025,STR-05,PRD-2011,6,190.84,Card,in-store,walk-in
TXN-5133,2025-09-12,STR-02,PRD-2014,10,135.03,GCash,Online,Member
TXN-5343,2025-06-25,STR-02,PRD-2004,5,48.51,cash,Online,Member
TXN-5047,08/17/2025,STR-04,PRD-2012,2,15.5,Card,ONLINE,Walk-in
TXN-5326,08/16/2025,STR-05,PRD-2014,5,262.03,cash,in-store,walk-in
TXN-5132,2025-09-27,STR-04,PRD-2014,9,99.42,Cash,Online,walk-in
,,,,,,,,
TXN-5316,2025-08-04,STR-02,PRD-2001,1,102.36,CARD,in-store,walk-in
TXN-5201,12-Jun-2025,STR-01,PRD-2002,10,208.36,Card,In-Store,
TXN-5146,06/24/2025,STR-05,PRD-2010,4,226.44,cash,In-Store,
TXN-5086,06/24/2025,STR-04,PRD-2009,5,134.09,Cash,in-store,
TXN-5225,2025-07-20,STR-04,PRD-2001,-2,288.49,cash,In-Store,
TXN-5091,06/14/2025,str-06,PRD-2013,10,268.97,Maya,Online,
TXN-5061,09/20/2025,STR-01,PRD-2004,-3,69.64,Card,Online,
TXN-5337,2025-10-04,STR-07,PRD-2016,2,94.8,Card,In-Store,Member
TXN-5134,2025-07-02,STR-03,PRD-2009,2,84.08,cash,Online,walk-in
TXN-5285,19-Jun-2025,STR-05,PRD-2011,1,168.03,Cash,in-store,Walk-in
TXN-5148,2025-08-03,STR-05,PRD-2020,1,106.39,Maya,ONLINE,walk-in
TXN-5112,2025-09-24,STR-01,PRD-2009,1,269.01,Maya,in-store,Walk-in
TXN-5289,2025-06-24,STR-03,PRD-2014,10,58.72,CARD,in-store,Member
TXN-5370,2025-08-06,STR-03,PRD-2013,8,73.13,CARD,ONLINE,
TXN-5266,2025-06-15,STR-01,PRD-2012,,287.35,cash,in-store,Walk-in
TXN-5375,09-Sep-2025,STR-07,PRD-2011,8,114.67,GCash,Online,
TXN-5126,10-Sep-2025,str-06,PRD-2003,1,101.4,cash,Online,member
TXN-5293,09/02/2025,STR-02,PRD-2006,6,84.14,cash,Online,walk-in
TXN-5258,2025-08-15,STR-07,PRD-2019,10,39.24,Card,ONLINE,member
TXN-5272,2025-06-04,STR-02,PRD-2016,1,25.11,GCash,ONLINE,member
TXN-5109,13-Jul-2025,STR-01,PRD-2002,7,60.38,Cash,In-Store,
TXN-5301,06/09/2025,STR-02,PRD-2001,,81.01,cash,In-Store,Walk-in
TXN-5390,2025-07-10,STR-04,PRD-2016,6,150.73,GCash,In-Store,
TXN-5388,2025-08-30,STR-01,PRD-2018,6,176.13,Card,in-store,walk-in
TXN-5346,06/23/2025,STR-02,PRD-2009,7,162.66,Card,In-Store,Walk-in
TXN-5033,2025-07-11,STR-01,PRD-2009,6,170.92,GCash,In-Store,walk-in
TXN-5188,2025-10-25,STR-07,PRD-2006,4,71.06,Cash,In-Store,
TXN-5173,2025-06-06,STR-02,PRD-2019,10,278.77,Card,ONLINE,Walk-in
TXN-5218,2025-06-24,STR-03,PRD-2012,5,46.5,Card,in-store,
TXN-5161,2025-10-24,str-06,PRD-2006,6,218.36,GCash,In-Store,walk-in
TXN-5019,10/08/2025,STR-02,PRD-2009,9,159.71,GCash,in-store,
TXN-5054,25-Aug-2025,STR-04,PRD-2014,4,64.79,CARD,In-Store,walk-in
TXN-5083,2025-07-16,STR-03,PRD-2001,10,114.66,Cash,in-store,walk-in
TXN-5273,07/11/2025,STR-04,PRD-2013,10,117.87,CARD,Online,walk-in
TXN-5342,2025-09-01,STR-01,PRD-2011,,253.48,Card,Online,walk-in
TXN-5176,2025-06-24,STR-05,PRD-2008,9,142.78,GCash,in-store,Member
TXN-5372,2025-08-10,str-06,PRD-2013,5,49.51,cash,In-Store,Walk-in
TXN-5001,2025-07-30,STR-02,PRD-2005,4,,CARD,Online,walk-in
TXN-5169,06/15/2025,STR-04,PRD-2007,10,240.62,cash,In-Store,
TXN-5183,2025-09-14,STR-01,PRD-2009,5,62.82,cash,In-Store,walk-in
TXN-5279,06/16/2025,str-06,PRD-2011,8,269.85,GCash,in-store,Member
TXN-5119,2025-08-03,STR-01,PRD-2002,,246.43,Maya,In-Store,walk-in
TXN-5175,2025-06-08,STR-05,PRD-2012,8,256.0,Cash,ONLINE,Walk-in
TXN-5011,08/28/2025,STR-01,PRD-2004,4,65.88,Maya,in-store,Walk-in
TXN-5314,2025-10-12,str-06,PRD-2003,5,213.08,cash,ONLINE,Member
TXN-5212,08/13/2025,STR-03,PRD-2012,9,199.74,Cash,ONLINE,member
TXN-5007,2025-10-14,str-06,PRD-2018,9,198.23,Cash,in-store,
TXN-5128,10/20/2025,STR-02,PRD-2015,5,50.93,cash,Online,
TXN-5368,07/22/2025,STR-01,PRD-2006,9,103.91,Cash,in-store,member
TXN-5325,2025-08-22,STR-05,PRD-2001,9,89.77,Card,ONLINE,walk-in
TXN-5243,09/24/2025,str-06,PRD-2007,9,236.8,cash,Online,Walk-in
TXN-5322,10/10/2025,STR-01,PRD-2008,7,278.85,Card,in-store,member
TXN-5332,2025-10-11,STR-01,PRD-2007,1,202.78,Card,ONLINE,member
TXN-5084,2025-07-07,STR-03,PRD-2002,4,248.37,cash,in-store,Member
TXN-5374,14-Sep-2025,str-06,PRD-2004,3,290.68,Maya,In-Store,member
TXN-5196,2025-08-09,STR-04,PRD-2019,5,49.64,GCash,Online,Member
TXN-5167,2025-08-22,STR-04,PRD-2006,1,55.09,CARD,Online,walk-in
TXN-5015,08/01/2025,STR-03,PRD-2009,3,225.88,cash,ONLINE,
TXN-5179,2025-09-29,STR-03,PRD-2013,8,140.79,GCash,In-Store,member
TXN-5154,2025-10-25,STR-03,PRD-2004,,277.61,CARD,In-Store,
TXN-5130,2025-07-31,STR-02,PRD-2009,2,202.5,GCash,ONLINE,Member
TXN-5069,08/19/2025,STR-04,PRD-2012,8,15.82,Card,In-Store,walk-in
TXN-5131,07/08/2025,str-06,PRD-2010,4,274.75,Card,Online,member
TXN-5227,04-Aug-2025,STR-04,PRD-2003,7,181.67,cash,in-store,member
TXN-5151,2025-08-27,STR-05,PRD-2018,4,112.46,Card,In-Store,walk-in
TXN-5317,2025-08-05,STR-07,PRD-2015,8,72.48,cash,in-store,
TXN-5093,2025-08-31,STR-02,PRD-2007,,230.88,Cash,in-store,Walk-in
TXN-5029,09/23/2025,STR-02,PRD-2009,1,25.53,Cash,Online,
TXN-5221,10-Sep-2025,STR-05,PRD-2001,4,234.16,CARD,in-store,
TXN-5070,16-Sep-2025,STR-01,PRD-2018,4,234.09,Card,ONLINE,Walk-in
TXN-5016,07/04/2025,STR-05,PRD-2017,,67.19,Cash,Online,Member
TXN-5031,2025-07-29,STR-07,PRD-2005,6,253.54,Cash,In-Store,walk-in
TXN-5012,2025-09-10,str-06,PRD-2003,3,22.85,CARD,ONLINE,Member
TXN-5357,2025-08-16,STR-03,PRD-2018,6,147.79,Cash,in-store,walk-in
TXN-5108,07-Aug-2025,STR-01,PRD-2018,10,141.47,CARD,ONLINE,Member
TXN-5386,2025-07-13,STR-02,PRD-2003,9,,GCash,Online,walk-in
TXN-5295,07/29/2025,STR-04,PRD-2013,4,,Cash,in-store,member
TXN-5313,2025-06-12,STR-03,PRD-2014,3,121.92,Card,in-store,
TXN-5209,2025-09-15,STR-03,PRD-2005,10,93.87,CARD,In-Store,member
TXN-5234,08/09/2025,STR-07,PRD-2013,,56.34,Cash,ONLINE,Walk-in
TXN-5198,06/14/2025,STR-03,PRD-2013,6,255.26,CARD,in-store,member
TXN-5385,10/01/2025,STR-04,PRD-2015,10,112.38,GCash,In-Store,member
TXN-5110,10/20/2025,STR-02,PRD-2005,9,159.48,Maya,ONLINE,
TXN-5307,09/08/2025,STR-04,PRD-2005,1,157.8,Card,ONLINE,Member
TXN-5350,08/28/2025,STR-02,PRD-2007,6,34.06,Cash,ONLINE,Walk-in
TXN-5059,08/03/2025,STR-02,PRD-2005,2,220.69,Maya,ONLINE,Walk-in
TXN-5023,2025-08-21,STR-03,PRD-2001,8,20.15,Card,in-store,
TXN-5039,2025-08-02,STR-01,PRD-2015,9,41.2,CARD,In-Store,member
TXN-5041,2025-06-20,str-06,PRD-2010,10,71.51,CARD,Online,walk-in
TXN-5397,2025-09-06,STR-02,PRD-2008,,227.39,GCash,In-Store,Member
TXN-5099,08/29/2025,STR-03,PRD-2006,10,247.45,GCash,in-store,
TXN-5172,2025-10-05,STR-01,PRD-2012,2,185.21,Card,in-store,
TXN-5296,2025-08-01,STR-02,PRD-2011,5,298.38,GCash,Online,member
TXN-5311,2025-08-07,STR-07,PRD-2016,6,150.84,GCash,Online,Walk-in
TXN-5253,2025-08-23,str-06,PRD-2012,6,277.12,Card,Online,Walk-in
TXN-5076,2025-07-31,STR-03,PRD-2015,10,71.23,GCash,Online,member
TXN-5152,2025-08-14,STR-04,PRD-2013,5,113.27,GCash,ONLINE,Walk-in
TXN-5159,09/08/2025,str-06,PRD-2005,7,38.63,cash,Online,Member
TXN-5155,10/18/2025,STR-05,PRD-2005,10,38.66,Cash,ONLINE,Member
TXN-5141,2025-09-14,STR-03,PRD-2018,8,257.44,Card,ONLINE,walk-in
TXN-5189,10/05/2025,STR-02,PRD-2007,4,72.65,Cash,ONLINE,Walk-in
TXN-5046,2025-09-02,STR-04,PRD-2013,,,cash,ONLINE,member
TXN-5052,13-Jun-2025,STR-05,PRD-2005,7,99.86,Maya,in-store,member
TXN-5123,2025-09-20,STR-02,PRD-2010,1,,cash,In-Store,member
TXN-5379,2025-10-09,STR-02,PRD-2008,6,292.83,Cash,in-store,Walk-in
TXN-5049,09/18/2025,STR-07,PRD-2002,1,96.4,GCash,Online,walk-in
TXN-5347,2025-10-27,STR-02,PRD-2020,9,32.71,GCash,In-Store,
TXN-5181,07-Sep-2025,str-06,PRD-2003,6,81.66,Cash,in-store,Member
TXN-5267,2025-07-05,STR-01,PRD-2020,4,276.49,Card,Online,walk-in
TXN-5332,2025-10-11,STR-01,PRD-2007,1,202.78,Card,ONLINE,member
TXN-5045,2025-07-24,STR-01,PRD-2005,5,52.79,Maya,in-store,Walk-in
TXN-5314,2025-10-12,str-06,PRD-2003,5,213.08,cash,ONLINE,Member
TXN-5057,09-Aug-2025,STR-04,PRD-2013,7,256.87,Cash,Online,Walk-in
TXN-5220,2025-06-28,str-06,PRD-2002,1,102.42,Maya,In-Store,walk-in
TXN-5398,25-Jun-2025,STR-02,PRD-2001,,,GCash,Online,Walk-in
TXN-5389,2025-06-27,STR-02,PRD-2012,1,144.69,Cash,in-store,Walk-in
TXN-5377,2025-09-19,STR-05,PRD-2009,3,206.39,GCash,In-Store,walk-in
TXN-5333,10-Jul-2025,str-06,PRD-2005,,98.69,GCash,in-store,
TXN-5363,16-Jun-2025,STR-04,PRD-2016,1,,Maya,In-Store,
TXN-5063,2025-08-03,STR-04,PRD-2010,-1,207.22,cash,In-Store,walk-in
TXN-5394,22-Oct-2025,STR-04,PRD-2007,,116.06,Cash,In-Store,
TXN-5400,07-Jul-2025,STR-02,PRD-2020,2,287.69,cash,In-Store,Walk-in
TXN-5260,08/16/2025,STR-04,PRD-2012,3,112.87,Maya,In-Store,Member
TXN-5096,2025-09-30,STR-01,PRD-2005,6,140.96,CARD,In-Store,Walk-in
TXN-5013,09/30/2025,STR-03,PRD-2005,3,,Maya,In-Store,
TXN-5107,2025-07-05,STR-07,PRD-2008,8,196.89,Maya,in-store,member
TXN-5382,10/14/2025,STR-02,PRD-2018,4,292.56,CARD,In-Store,Member
TXN-5287,2025-06-12,STR-05,PRD-2011,10,282.97,Cash,In-Store,walk-in
TXN-5004,2025-06-29,STR-01,PRD-2004,,43.92,Card,In-Store,Walk-in
TXN-5344,10/24/2025,STR-05,PRD-2009,4,173.26,GCash,Online,
TXN-5204,09/13/2025,STR-03,PRD-2008,9,144.43,Maya,Online,member
TXN-5235,07/16/2025,STR-02,PRD-2011,2,275.45,CARD,in-store,Member
TXN-5149,2025-09-28,STR-04,PRD-2003,6,23.13,CARD,In-Store,walk-in
TXN-5315,2025-10-11,str-06,PRD-2005,9,192.48,CARD,in-store,member
TXN-5280,2025-07-05,STR-07,PRD-2015,7,101.19,GCash,In-Store,Member
TXN-5339,2025-08-28,STR-02,PRD-2010,-2,152.1,Card,in-store,Member
TXN-5028,10/13/2025,STR-01,PRD-2006,3,103.92,Card,Online,walk-in
TXN-5362,08/04/2025,STR-01,PRD-2017,8,99.31,Card,ONLINE,
TXN-5040,04-Aug-2025,STR-07,PRD-2009,4,200.23,cash,ONLINE,member
TXN-5276,2025-07-07,STR-03,PRD-2003,5,178.46,CARD,Online,Walk-in
TXN-5288,10/23/2025,STR-03,PRD-2002,6,20.3,GCash,Online,
TXN-5305,07/21/2025,STR-04,PRD-2018,5,,Maya,In-Store,member
